鄉鎮市區,交易標的,土地位置建物門牌,土地移轉總面積平方公尺,都市土地使用分區,非都市土地使用分區,非都市土地使用編定,交易年月日,交易筆棟數,移轉層次,總樓層數,建物型態,主要用途,主要建材,建築完成年月,建物移轉總面積平方公尺,建物現況格局-房,建物現況格局-廳,建物現況格局-衛,建物現況格局-隔間,有無管理組織,總價元,單價元平方公尺,車位類別,車位移轉總面積(平方公尺),車位總價元,備註,編號,主建物面積,附屬建物面積,陽台面積,電梯,移轉編號
The villages and towns urban district,transaction sign,land sector position building sector house number plate,land shifting total area square meter,the use zoning or compiles and checks,the non-metropolis land use district,non-metropolis land use,transaction year month and day,transaction pen number,shifting level,total floor number,building state,main use,main building materials,construction to complete the years,building shifting total area,Building present situation pattern - room,building present situation pattern - hall,building present situation pattern - health,building present situation pattern - compartmented,Whether there is manages the organization,total price NTD,the unit price (NTD / square meter),the berth category,berth shifting total area square meter,the berth total price NTD,the note,serial number,,,,,
湖西鄉,土地,葉新段2200地號,1285.9,,一般農業區,農牧用地,1060813,土地1建物0車位0,,,其他,,,,0.0,0,0,0,有,無,3500000,2722,,0.0,0,,RPPNMLOKJIMFFAX76CA,0.0,0.0,0.0,,
馬公市,土地,海堤段68地號,1736.38,,一般農業區,農牧用地,1061020,土地1建物0車位0,,,其他,,,,0.0,0,0,0,有,無,17000000,9790,,0.0,0,,RPSNMLOKJIMFFAX07CA,0.0,0.0,0.0,,
西嶼鄉,土地,赤馬一段356地號,331.99,,一般農業區,農牧用地,1061106,土地1建物0車位0,,,其他,,,,0.0,0,0,0,有,無,300000,904,,0.0,0,親友、員工或其他特殊關係間之交易。急買急賣。,RPRNMLRKJIMFFAX27CA,0.0,0.0,0.0,,
白沙鄉,土地,後寮段796-1地號,1992.0,,一般農業區,農牧用地,1061103,土地1建物0車位0,,,其他,,,,0.0,0,0,0,有,無,2100000,1054,,0.0,0,,RPSNMLMLJIMFFAX96CA,0.0,0.0,0.0,,
馬公市,土地,五福段561-5地號,238.32,,一般農業區,農牧用地,1061019,土地3建物0車位0,,,其他,,,,0.0,0,0,0,有,無,4770000,20015,,0.0,0,農變建專案核准,RPSNMLTLJIMFFAX77DA,0.0,0.0,0.0,,
馬公市,土地,安宅段1258-1地號,13.06,,鄉村區,交通用地,1061031,土地1建物0車位0,,,其他,,,,0.0,0,0,0,有,無,153716,11770,,0.0,0,向政府機關承購之案件。,RPPNMLQKJIMFFAX17EA,0.0,0.0,0.0,,
馬公市,土地,五福段1516-1地號,19.33,,鄉村區,乙種建築用地,1061027,土地1建物0車位0,,,其他,,,,0.0,0,0,0,有,無,2000000,103466,,0.0,0,畸零地或有合併使用之交易。,RPPNMLTKJIMFFAX27CA,0.0,0.0,0.0,,
馬公市,土地,北極段459地號,1027.48,農,,,1061019,土地2建物0車位0,,,其他,,,,0.0,0,0,0,有,無,6980000,6793,,0.0,0,,RPTNMLPKJIMFFAX27CA,0.0,0.0,0.0,,
七美鄉,土地,七美一段238地號,406.53,,一般農業區,農牧用地,1061023,土地2建物0車位0,,,其他,,,,0.0,0,0,0,有,無,326000,802,,0.0,0,,RPPNMLRKJIMFFAX07CA,0.0,0.0,0.0,,
西嶼鄉,土地,二崁北段509地號,2544.78,其他,,,1061103,土地6建物0車位0,,,其他,,,,0.0,0,0,0,有,無,3057804,1202,,0.0,0,,RPQNMLNLJIMFFAX96DA,0.0,0.0,0.0,,
西嶼鄉,土地,二崁南段627地號,510.83,其他,,,1061103,土地3建物0車位0,,,其他,,,,0.0,0,0,0,有,無,612996,1200,,0.0,0,,RPVNMLMLJIMFFAX37DA,0.0,0.0,0.0,,
湖西鄉,土地,沙港北段1037地號,131.46,,鄉村區,乙種建築用地,1060912,土地2建物0車位0,,,其他,,,,0.0,0,0,0,有,無,422800,3216,,0.0,0,向政府機關承購之案件。,RPPNMLLJKIMFFAX66EA,0.0,0.0,0.0,,
馬公市,土地,中衛段447地號,1795.71,工,,,1061102,土地3建物0車位0,,,其他,,,,0.0,0,0,0,有,無,20099000,11193,,0.0,0,,RPUNMLMLJIMFFAX17CA,0.0,0.0,0.0,,
湖西鄉,土地,許家段879地號,2084.45,,一般農業區,農牧用地,1061025,土地1建物0車位0,,,其他,,,,0.0,0,0,0,有,無,56800000,27249,,0.0,0,權利人共9人含9戶未來興建房屋之費用,RPUNMLTLJIMFFAX87CA,0.0,0.0,0.0,,
馬公市,土地,東衛段1658-4地號,714.35,,一般農業區,農牧用地,1060902,土地2建物0車位0,,,其他,,,,0.0,0,0,0,有,無,6800000,9519,,0.0,0,,RPRNMLKLJIMFFAX66CA,0.0,0.0,0.0,,
馬公市,房地(土地+建物),澎湖縣馬公市大案山１９之７號,81.32,住,,,1061015,土地1建物1車位0,全,二層,透天厝,住家用,鋼筋混凝土加強磚造,0720525,95.44,3,1,2,有,無,2800000,29338,,0.0,0,,RPSNMLKLJIMFFAX76CA,95.44,0.0,0.0,,
湖西鄉,房地(土地+建物),澎湖縣湖西鄉港子尾７８之１號,291.25,,一般農業區,甲種建築用地,1061030,土地1建物1車位0,全,三層,透天厝,住家用,鋼筋混凝土造,1040917,310.27,6,2,5,有,無,9700000,31263,,0.0,0,,RPPNMLMLJIMFFAX66CA,284.2,26.07,0.0,,
湖西鄉,房地(土地+建物),澎湖縣湖西鄉沙港２０１號,660.23,,一般農業區,甲種建築用地,1061011,土地1建物1車位0,全,一層,透天厝,住家用,鋼筋混凝土造,0931110,199.01,3,1,2,有,無,2410836,12114,,0.0,0,親友、員工或其他特殊關係間之交易。,RPPNMLMLJIMFFAX86EA,199.01,0.0,0.0,,
馬公市,房地(土地+建物),澎湖縣馬公市大案山22-8號,99.02,住,,,1061030,土地2建物1車位0,全,三層,透天厝,住家用,鋼筋混凝土造,1060927,191.45,4,2,5,有,無,7200000,37608,,0.0,0,,RPPNMLQKKIMFFAX17DA,179.19,12.26,0.0,,
馬公市,房地(土地+建物),澎湖縣馬公市大案山22-9號,106.38,住,,,1061030,土地2建物1車位0,全,三層,透天厝,住家用,鋼筋混凝土造,1060927,195.92,5,2,6,有,無,7380000,37668,,0.0,0,,RPQNMLQKKIMFFAX27DA,183.66,12.26,0.0,,
湖西鄉,土地,許家段628地號,2833.77,,一般農業區,農牧用地,1060829,土地3建物0車位0,,,其他,,,,0.0,0,0,0,有,無,25280000,8921,,0.0,0,,RPPNMLRKKIMFFAX27DA,0.0,0.0,0.0,,
白沙鄉,土地,後寮段2633地號,19.0,,鄉村區,乙種建築用地,1061113,土地1建物0車位0,,,其他,,,,0.0,0,0,0,有,無,26000,1368,,0.0,0,瑕疵物件之交易。,RPPNMLNLJIMFFAX86DA,0.0,0.0,0.0,,
馬公市,房地(土地+建物),澎湖縣馬公市文康街２２號,200.33,,一般農業區,農牧用地,1061102,土地5建物1車位0,全,二層,透天厝,住商用,鋼筋混凝土加強空心磚造,0510810,12.77,2,0,1,有,無,1968478,154149,,0.0,0,港子段1758地號為農地,RPOPMLOKNHOFFAX37CA,12.78,0.0,0.0,,
馬公市,土地,五福段545地號,369.55,,一般農業區,農牧用地,1061020,土地1建物0車位0,,,其他,,,,0.0,0,0,0,有,無,4470000,12096,,0.0,0,,RPQNMLPJKIMFFAX07DA,0.0,0.0,0.0,,
湖西鄉,土地,許家段936地號,356.02,,一般農業區,農牧用地,1061114,土地1建物0車位0,,,其他,,,,0.0,0,0,0,有,無,4280000,12022,,0.0,0,,RPWNMLMLJIMFFAX37CA,0.0,0.0,0.0,,
馬公市,土地,烏崁新段661地號,2827.65,,風景區,農牧用地,1060404,土地1建物0車位0,,,其他,,,,0.0,0,0,0,有,無,6842880,2420,,0.0,0,,RPRNMLNLJIMFFAX96CA,0.0,0.0,0.0,,
湖西鄉,土地,紅羅段462地號,310.78,,鄉村區,乙種建築用地,1061030,土地1建物0車位0,,,其他,,,,0.0,0,0,0,有,無,901262,2900,,0.0,0,親友、員工或其他特殊關係間之交易。,RPPNMLRLJIMFFAX17CA,0.0,0.0,0.0,,
湖西鄉,土地,沙港東段204地號,1138.67,,一般農業區,農牧用地,1061116,土地2建物0車位0,,,其他,,,,0.0,0,0,0,有,無,3450000,3030,,0.0,0,親友、員工或其他特殊關係間之交易。,RPPNMLQLJIMFFAX17DA,0.0,0.0,0.0,,
馬公市,房地(土地+建物),澎湖縣馬公市建國路46號,32.67,商,,,1061023,土地1建物1車位0,全,二層,透天厝,住商用,鋼筋混凝土加強空心磚造,0570610,30.78,2,2,2,有,無,3000000,97466,,0.0,0,,RPQNMLTLJIMFFAX57DA,30.78,0.0,0.0,,
馬公市,房地(土地+建物),澎湖縣馬公市林森路１５巷５號四樓,30.71,住,,,1061026,土地4建物1車位0,四層,五層,華廈(10層含以下有電梯),住家用,鋼筋混凝土造,0840707,96.6,2,1,2,有,無,4300000,44513,,0.0,0,,RPXNMLLLOHOFFAX97CA,82.87,0.0,5.77,,
馬公市,土地,馬公段737-1地號,251.0,商,,,1061102,土地2建物0車位0,,,其他,,,,0.0,0,0,0,有,無,32060000,127729,,0.0,0,向政府機關承購之案件。,RPSNMLRLJIMFFAX67EA,0.0,0.0,0.0,,
馬公市,土地,鐵線段1136地號,446.2,,一般農業區,農牧用地,1061117,土地1建物0車位0,,,其他,,,,0.0,0,0,0,有,無,713920,1600,,0.0,0,親友、員工或其他特殊關係間之交易。,RPPNMLSLJIMFFAX47EA,0.0,0.0,0.0,,
白沙鄉,土地,下瓦硐段690-1地號,18.13,,鄉村區,乙種建築用地,1061115,土地1建物0車位0,,,其他,,,,0.0,0,0,0,有,無,150000,8274,,0.0,0,,RPPNMLOKKIMFFAX07EA,0.0,0.0,0.0,,
馬公市,土地,東衛段1023地號,294.88,,一般農業區,特定目的事業用地,1061107,土地1建物0車位0,,,其他,,,,0.0,0,0,0,有,無,1363000,4622,,0.0,0,向政府機關承購之案件。,RPWNMLRLJIMFFAX87CA,0.0,0.0,0.0,,
馬公市,土地,東衛段1023-1地號,3258.38,,一般農業區,農牧用地,1061114,土地5建物0車位0,,,其他,,,,0.0,0,0,0,有,無,26600000,8164,,0.0,0,,RPPNMLQJKIMFFAX96CA,0.0,0.0,0.0,,
馬公市,土地,文東段1469-1地號,565.83,,一般農業區,農牧用地,1061117,土地1建物0車位0,,,其他,,,,0.0,0,0,0,有,無,10600000,18734,,0.0,0,,RPWNMLMKKIMFFAX37CA,0.0,0.0,0.0,,
馬公市,土地,山水東段613地號,288.58,,一般農業區,農牧用地,1061116,土地1建物0車位0,,,其他,,,,0.0,0,0,0,有,無,300000,1040,,0.0,0,急買急賣。,RPQNMLSLJIMFFAX37CA,0.0,0.0,0.0,,
馬公市,土地,鐵線段351地號,586.54,,一般農業區,農牧用地,1061103,土地1建物0車位0,,,其他,,,,0.0,0,0,0,有,無,6200000,10570,,0.0,0,親友、員工或其他特殊關係間之交易。權利人共二人,RPTNMLTLJIMFFAX87DA,0.0,0.0,0.0,,
馬公市,房地(土地+建物),澎湖縣馬公市五福路３巷３７號四樓、五樓,79.51,,鄉村區,乙種建築用地,1061107,土地5建物1車位0,四層，五層,五層,公寓(5樓含以下無電梯),住家用,鋼筋混凝土造,0850423,162.91,6,2,3,有,無,4660000,28605,,0.0,0,,RPQNMLLLNHOFFAX17CA,120.34,26.67,0.0,,
馬公市,土地,山水東段248地號,298.23,,一般農業區,農牧用地,1061116,土地1建物0車位0,,,其他,,,,0.0,0,0,0,有,無,300000,1006,,0.0,0,急買急賣。,RPWNMLTLJIMFFAX08CA,0.0,0.0,0.0,,
白沙鄉,土地,下瓦硐段1139地號,315.01,,一般農業區,農牧用地,1061109,土地1建物0車位0,,,其他,,,,0.0,0,0,0,有,無,550000,1746,,0.0,0,,RPXNMLTLJIMFFAX18CA,0.0,0.0,0.0,,
馬公市,土地,文東段281-1地號,13.99,,鄉村區,乙種建築用地,1061011,土地1建物0車位0,,,其他,,,,0.0,0,0,0,有,無,343000,24518,,0.0,0,親友、員工或其他特殊關係間之交易。,RPTNMLSKKIMFFAX67CA,0.0,0.0,0.0,,
馬公市,房地(土地+建物),澎湖縣馬公市前寮２１之２９號,243.45,,一般農業區,甲種建築用地,1061122,土地2建物1車位0,全,三層,透天厝,住家用,鋼筋混凝土造,1050128,264.7,7,1,7,有,無,8500000,32112,,0.0,0,,RPQNMLSKKIMFFAX37CA,247.86,16.84,0.0,,
馬公市,土地,安宅段405地號,171.09,,一般農業區,農牧用地,1060926,土地1建物0車位0,,,其他,,,,0.0,0,0,0,有,無,300000,1753,,0.0,0,,RPQNMLRJKIMFFAX17CA,0.0,0.0,0.0,,
馬公市,土地,光榮段300地號,529.8,其他,,,1061121,土地1建物0車位0,,,其他,,,,0.0,0,0,0,有,無,16000000,30200,,0.0,0,,RPPNMLOJKIMFFAX86DA,0.0,0.0,0.0,,
馬公市,土地,埕東段889地號,17.64,住,,,1061006,土地3建物0車位0,,,其他,,,,0.0,0,0,0,有,無,670200,37993,,0.0,0,,RPTNMLSJKIMFFAX67DA,0.0,0.0,0.0,,
馬公市,土地,鐵線段351-2地號,146.64,,一般農業區,農牧用地,1061123,土地1建物0車位0,,,其他,,,,0.0,0,0,0,有,無,750000,5115,,0.0,0,,RPQNMLOJKIMFFAX86CA,0.0,0.0,0.0,,
馬公市,土地,光華段274地號,919.89,,一般農業區,農牧用地,1061111,土地1建物0車位0,,,其他,,,,0.0,0,0,0,有,無,2560000,2783,,0.0,0,,RPRNMLOJKIMFFAX96CA,0.0,0.0,0.0,,
馬公市,土地,文寮段566地號,342.24,,鄉村區,乙種建築用地,1060914,土地1建物0車位0,,,其他,,,,0.0,0,0,0,有,無,5000000,14610,,0.0,0,,RPPNMLPJKIMFFAX86CA,0.0,0.0,0.0,,
白沙鄉,土地,後寮南段426地號,619.16,,一般農業區,農牧用地,1061103,土地1建物0車位0,,,其他,,,,0.0,0,0,0,有,無,955555,1543,,0.0,0,向政府機關承購之案件。,RPUNMLMKKIMFFAX17CA,0.0,0.0,0.0,,
湖西鄉,土地,成功北段71-1地號,5.73,,鄉村區,乙種建築用地,1061130,土地1建物0車位0,,,其他,,,,0.0,0,0,0,有,無,41265,7202,,0.0,0,協議價購鄉村區乙種建築用地,RPVNMLMKKIMFFAX27CA,0.0,0.0,0.0,,
西嶼鄉,房地(土地+建物),澎湖縣西嶼鄉小池角２１０之１號,165.16,,一般農業區,甲種建築用地,1061124,土地1建物1車位0,全,二層,透天厝,住家用,加強磚造,1040518,159.41,3,1,2,有,無,742396,4657,,0.0,0,親友、員工或其他特殊關係間之交易。,RPPNMLRJKIMFFAX27EA,148.41,11.0,0.0,,
西嶼鄉,土地,外垵一段274地號,314.4,,一般農業區,農牧用地,1061128,土地1建物0車位0,,,其他,,,,0.0,0,0,0,有,無,1902000,6050,,0.0,0,,RPQNMLQJKIMFFAX17DA,0.0,0.0,0.0,,
馬公市,房地(土地+建物),澎湖縣馬公市文光路52之1號,60.0,住,,,1061128,土地1建物1車位0,全,三層,透天厝,住商用,鋼筋混凝土加強磚造,0630413,142.96,4,2,3,有,無,7800000,54561,,0.0,0,,RPRNMLQJKIMFFAX27DA,142.96,0.0,0.0,,
馬公市,房地(土地+建物),澎湖縣馬公市保安街4號,12.33,商,,,1061121,土地1建物1車位0,全,一層,透天厝,住家用,造,,11.57,1,1,1,有,無,1400000,121003,,0.0,0,,RPQNMLRLKIMFFAX47DA,11.57,0.0,0.0,,
馬公市,土地,東澳段594地號,21.44,住,,,1061109,土地1建物0車位0,,,其他,,,,0.0,0,0,0,有,無,0,0,,0.0,0,土地及建物分次登記案件，後案建物登記收件字號49910 共 1筆，權利人共1人，此案為合建分售案,RPRNMLRJKIMFFAX27CA,0.0,0.0,0.0,,
馬公市,房地(土地+建物),澎湖縣馬公市文山路２７巷８之１號四樓,21.44,住,,,1061109,土地1建物1車位0,四層,十層,華廈(10層含以下有電梯),集合住宅,鋼筋混凝土造,1060328,91.14000000000001,2,1,1,有,無,4700000,51569,,0.0,0,土地及建物分次登記案件，含土地款141萬，此案為合建分售案,RPSNMLRJKIMFFAX37CA,56.16,9.27,0.0,,
馬公市,土地,安宅段1576-1地號,1610.27,,一般農業區,農牧用地,1060515,土地1建物0車位0,,,其他,,,,0.0,0,0,0,有,無,11000000,6831,,0.0,0,,RPSNMLSJKIMFFAX47CA,0.0,0.0,0.0,,
湖西鄉,土地,鼎灣新段800-1地號,22.53,,一般農業區,農牧用地,1061204,土地1建物0車位0,,,其他,,,,0.0,0,0,0,有,無,87867,3900,,0.0,0,協議價購一般農業區農牧用地,RPQNMLMKKIMFFAX76CA,0.0,0.0,0.0,,
湖西鄉,土地,成功北段71-1地號,5.73,,鄉村區,乙種建築用地,1061204,土地1建物0車位0,,,其他,,,,0.0,0,0,0,有,無,41265,7202,,0.0,0,協議價購鄉村區乙種建築用地,RPSNMLMKKIMFFAX96CA,0.0,0.0,0.0,,
湖西鄉,土地,東石新段123-1地號,6.1,,一般農業區,交通用地,1061204,土地2建物0車位0,,,其他,,,,0.0,0,0,0,有,無,23809,3903,,0.0,0,協議價購一般農業區交通用地,RPWNMLLKKIMFFAX27CA,0.0,0.0,0.0,,
馬公市,土地,安宅段674地號,1629.26,,一般農業區,農牧用地,1061128,土地1建物0車位0,,,其他,,,,0.0,0,0,0,有,無,17000000,10434,,0.0,0,,RPQNMLNKKIMFFAX86CA,0.0,0.0,0.0,,
馬公市,土地,國宅段365地號,1363.51,,一般農業區,農牧用地,1061130,土地2建物0車位0,,,其他,,,,0.0,0,0,0,有,無,6000000,4400,,0.0,0,,RPQNMLOKKIMFFAX96CA,0.0,0.0,0.0,,
湖西鄉,土地,東石新段599地號,3.05,,一般農業區,交通用地,1061206,土地1建物0車位0,,,其他,,,,0.0,0,0,0,有,無,11891,3899,,0.0,0,協議價購一般農業區交通用地,RPVNMLLKKIMFFAX17CA,0.0,0.0,0.0,,
馬公市,土地,案山段318地號,24.2,住,,,1061003,土地1建物0車位0,,,其他,,,,0.0,0,0,0,有,無,735000,30372,,0.0,0,,RPPNMLLKKIMFFAX56CA,0.0,0.0,0.0,,
白沙鄉,土地,赤崁中段818地號,300.59,,一般農業區,農牧用地,1061116,土地2建物0車位0,,,其他,,,,0.0,0,0,0,有,無,1500000,4990,,0.0,0,,RPQNMLLKKIMFFAX66CA,0.0,0.0,0.0,,
馬公市,房地(土地+建物),澎湖縣馬公市西文澳１８８之１號,237.0,,一般農業區,甲種建築用地,1061120,土地2建物1車位0,全,三層,透天厝,住家用,鋼筋混凝土造,1040624,227.11,5,1,3,有,無,10600000,46673,,0.0,0,,RPRNMLLKKIMFFAX76CA,201.08,26.03,0.0,,
馬公市,土地,中衛段423地號,1107.05,工,,,1061121,土地1建物0車位0,,,其他,,,,0.0,0,0,0,有,無,13390000,12095,,0.0,0,,RPRNMLSJKIMFFAX37CA,0.0,0.0,0.0,,
馬公市,房地(土地+建物),澎湖縣馬公市永平街41號,61.0,住,,,1061113,土地3建物1車位0,全,四層,透天厝,住商用,鋼筋混凝土造,0700919,158.32,5,1,4,有,無,6420000,40551,,0.0,0,,RPSNMLLKKIMFFAX96DA,158.32,0.0,0.0,,
西嶼鄉,土地,二崁南段1380地號,1592.08,,一般農業區,農牧用地,1061124,土地3建物0車位0,,,其他,,,,0.0,0,0,0,有,無,4935448,3100,,0.0,0,,RPUNMLLKKIMFFAX17DA,0.0,0.0,0.0,,
馬公市,房地(土地+建物),澎湖縣馬公市珠江110號,280.56,,鄉村區,乙種建築用地,1061115,土地1建物1車位0,全,一層,透天厝,住家用,造,0270101,53.98,4,1,1,有,無,1500000,27788,,0.0,0,共有人2人親友、員工或其他特殊關係間之交易。,RPPNMLMKKIMFFAX76DA,53.98,0.0,0.0,,
馬公市,房地(土地+建物),澎湖縣馬公市海埔路15號,46.67,商,,,1061130,土地3建物2車位0,一層，二層，三層,三層,店面(店鋪),商業用,鋼筋混凝土加強磚造,05511,127.87,6,1,2,有,無,3000000,23461,,0.0,0,賣方賣清價,RPRNMLMKKIMFFAX96DA,127.88,0.0,0.0,,
白沙鄉,房地(土地+建物),澎湖縣白沙鄉大倉村大倉１３號,169.5,,鄉村區,乙種建築用地,1061125,土地1建物2車位0,全,一層,透天厝,住家用,造,,73.82,8,2,2,有,無,360000,4877,,0.0,0,,RPTNMLLKKIMFFAX96CA,73.82,0.0,0.0,,
馬公市,土地,光榮段418地號,24.87,住,,,1061124,土地1建物0車位0,,,其他,,,,0.0,0,0,0,有,無,1571287,63180,,0.0,0,向政府機關承購之案件。,RPTNMLMKKIMFFAX07CA,0.0,0.0,0.0,,
馬公市,房地(土地+建物)+車位,澎湖縣馬公市三多路３４７號,30.23,住,,,1061108,土地2建物1車位1,一層,十四層,住宅大樓(11層含以上有電梯),集合住宅,鋼筋混凝土造,0950710,185.36,3,1,2,有,有,3284068,17717,坡道平面,0.0,0,向國防部價購之案件。,RPTNMLKLKIMFFAX96CA,100.81,0.0,11.64,,
馬公市,房地(土地+建物),澎湖縣馬公市新店路４２３號,96.93,住,,,1060915,土地1建物1車位0,全,五層,透天厝,住家用,鋼筋混凝土造,0900724,276.05,5,3,5,有,無,16000000,57961,,0.0,0,,RPRNMLKLKIMFFAX76CA,244.41,31.64,0.0,,
馬公市,土地,北極段783地號,141.39,商,,,1061120,土地2建物0車位0,,,其他,,,,0.0,0,0,0,有,無,1850000,13084,,0.0,0,土地增值稅168411元整由買受人負擔繳納,RPRNMLOKKIMFFAX07CA,0.0,0.0,0.0,,
湖西鄉,土地,湖西南段780地號,263.8,,鄉村區,乙種建築用地,1061129,土地1建物0車位0,,,其他,,,,0.0,0,0,0,有,無,1350000,5118,,0.0,0,,RPPNMLPKKIMFFAX96CA,0.0,0.0,0.0,,
馬公市,房地(土地+建物),澎湖縣馬公市文山路８３號五樓,28.39,住,,,1061204,土地5建物1車位0,五層,七層,華廈(10層含以下有電梯),住家用,鋼筋混凝土造,0840804,154.94,3,2,2,有,無,4550000,29366,,0.0,0,,RPQNMLPKKIMFFAX07CA,99.63,0.0,15.39,,
湖西鄉,土地,鼎灣新段694-1地號,8.2,,一般農業區,交通用地,1061124,土地1建物0車位0,,,其他,,,,0.0,0,0,0,有,無,31980,3900,,0.0,0,協議價購一般農業區交通用地,RPPNMLLLKIMFFAX66CA,0.0,0.0,0.0,,
湖西鄉,土地,東石新段123-1地號,6.1,,一般農業區,交通用地,1061212,土地2建物0車位0,,,其他,,,,0.0,0,0,0,有,無,23809,3903,,0.0,0,協議價購一般農業區交通用地,RPXNMLTJJHNFFAX97CA,0.0,0.0,0.0,,
湖西鄉,土地,許家段17地號,315.02,,一般農業區,農牧用地,1061019,土地1建物0車位0,,,其他,,,,0.0,0,0,0,有,無,600000,1905,,0.0,0,,RPRNMLKKJHNFFAX56CA,0.0,0.0,0.0,,
馬公市,土地,山水東段201地號,290.58,,一般農業區,農牧用地,1061130,土地1建物0車位0,,,其他,,,,0.0,0,0,0,有,無,600000,2065,,0.0,0,,RPUNMLSKKIMFFAX77CA,0.0,0.0,0.0,,
湖西鄉,土地,沙港北段670地號,81.44,,一般農業區,農牧用地,1061201,土地1建物0車位0,,,其他,,,,0.0,0,0,0,有,無,350000,4298,,0.0,0,,RPOOMLMJJHNFFAX56DA,0.0,0.0,0.0,,
馬公市,房地(土地+建物),澎湖縣馬公市林森路86號五樓,31.15,住,,,1061205,土地1建物1車位0,五層,七層,華廈(10層含以下有電梯),住家用,鋼筋混凝土造,0870925,160.76,3,2,1,有,無,4800000,29858,,0.0,0,親友、員工或其他特殊關係間之交易。；,RPTNMLPKNHOFFAX87DA,100.46,0.0,11.55,,
西嶼鄉,土地,合界段180-1地號,200.09,,鄉村區,乙種建築用地,1061211,土地1建物0車位0,,,其他,,,,0.0,0,0,0,有,無,550000,2749,,0.0,0,,RPRNMLSKKIMFFAX47CA,0.0,0.0,0.0,,
白沙鄉,房地(土地+建物),澎湖縣白沙鄉大赤崁３６５之９號,66.34,,鄉村區,乙種建築用地,1061124,土地1建物1車位0,全,三層,透天厝,住家用,鋼筋混凝土加強磚造,0760209,130.2,3,3,4,有,無,1100000,8449,,0.0,0,,RPSNMLSKKIMFFAX57CA,130.2,0.0,0.0,,
湖西鄉,土地,鼎灣新段694-1地號,8.2,,一般農業區,交通用地,1061124,土地1建物0車位0,,,其他,,,,0.0,0,0,0,有,無,31980,3900,,0.0,0,,RPQNMLLLKIMFFAX76CA,0.0,0.0,0.0,,
湖西鄉,土地,鼎灣新段549地號,6.04,,一般農業區,農牧用地,1061213,土地3建物0車位0,,,其他,,,,0.0,0,0,0,有,無,23570,3902,,0.0,0,協議價購一般農業區農牧用地、交通用地,RPUNMLMLKIMFFAX27CA,0.0,0.0,0.0,,
湖西鄉,土地,鼎灣新段549地號,6.04,,一般農業區,農牧用地,1061213,土地3建物0車位0,,,其他,,,,0.0,0,0,0,有,無,23570,3902,,0.0,0,協議價購一般農業區 農牧用地、交通用地,RPVNMLMLKIMFFAX37CA,0.0,0.0,0.0,,
馬公市,房地(土地+建物),澎湖縣馬公市三多路１４２號,212.44,住,,,1061122,土地2建物1車位0,全,四層,透天厝,住家用,鋼筋混凝土造,0780123,331.15,4,1,3,有,無,35000000,105692,,0.0,0,,RPPNMLSKKIMFFAX27CA,331.15,0.0,0.0,,
馬公市,土地,五福段889地號,841.98,,一般農業區,農牧用地,1061128,土地1建物0車位0,,,其他,,,,0.0,0,0,0,有,無,48800000,57959,,0.0,0,權利人共5人含未來興建五戶之房屋價款,RPPNMLKKJHNFFAX98CA,0.0,0.0,0.0,,
湖西鄉,土地,鼎灣新段549地號,6.04,,一般農業區,農牧用地,1061213,土地3建物0車位0,,,其他,,,,0.0,0,0,0,有,無,23570,3902,,0.0,0,協議價購一般農業區農牧用地、交通用地,RPTNMLMLKIMFFAX17CA,0.0,0.0,0.0,,
湖西鄉,房地(土地+建物),澎湖縣湖西鄉湖西１６３之７號,107.98,,鄉村區,乙種建築用地,1061125,土地1建物1車位0,全,三層,透天厝,住家用,鋼筋混凝土造,0830810,147.61,4,2,4,有,無,3500000,23711,,0.0,0,,RPRNMLMJJHNFFAX66CA,142.26,5.35,0.0,,
湖西鄉,土地,東石新段596-1地號,71.06,,一般農業區,交通用地,1061213,土地2建物0車位0,,,其他,,,,0.0,0,0,0,有,無,277134,3900,,0.0,0,協議價購一般農業區農牧用地、交通用地,RPPNMLMLKIMFFAX76CA,0.0,0.0,0.0,,
湖西鄉,土地,成功北段58-1地號,17.56,,鄉村區,乙種建築用地,1061204,土地1建物0車位0,,,其他,,,,0.0,0,0,0,有,無,126432,7200,,0.0,0,協議價購鄉村區乙種建築用地,RPRNMLLLKIMFFAX86CA,0.0,0.0,0.0,,
湖西鄉,土地,鼎灣新段694-1地號,8.2,,一般農業區,交通用地,1061213,土地1建物0車位0,,,其他,,,,0.0,0,0,0,有,無,31980,3900,,0.0,0,協議價購一般農業區交通用地,RPSNMLLLKIMFFAX96CA,0.0,0.0,0.0,,
湖西鄉,土地,成功北段397-1地號,8.41,,鄉村區,乙種建築用地,1061213,土地3建物0車位0,,,其他,,,,0.0,0,0,0,有,無,60516,7196,,0.0,0,協議價購鄉村區遊憩用地、乙種建築用地,RPTNMLLLKIMFFAX07CA,0.0,0.0,0.0,,
湖西鄉,土地,東石新段430-1地號,135.24,,一般農業區,農牧用地,1061213,土地1建物0車位0,,,其他,,,,0.0,0,0,0,有,無,527436,3900,,0.0,0,協議價購一般農業區農牧用地,RPUNMLLLKIMFFAX17CA,0.0,0.0,0.0,,
湖西鄉,土地,東石新段630-1地號,171.46,,一般農業區,交通用地,1061213,土地3建物0車位0,,,其他,,,,0.0,0,0,0,有,無,668694,3900,,0.0,0,協議價購一般農業區交通用地,RPVNMLLLKIMFFAX27CA,0.0,0.0,0.0,,
馬公市,房地(土地+建物),澎湖縣馬公市惠安路７號,38.0,商,,,1061126,土地1建物1車位0,全,二層,透天厝,商業用,造,,51.52,0,0,1,無,無,7500000,145575,,0.0,0,,RPPNMLKLKIMFFAX56CA,51.52,0.0,0.0,,
馬公市,房地(土地+建物),澎湖縣馬公市西文澳８４之１９號,109.21,住,,,1061205,土地1建物1車位0,全,二層,透天厝,住家用,鋼筋混凝土加強磚造,0681124,96.24,4,2,2,有,無,5530000,57461,,0.0,0,,RPQNMLKLKIMFFAX66CA,96.24,0.0,0.0,,
湖西鄉,土地,尖山南段178地號,1384.68,,一般農業區,農牧用地,1061129,土地1建物0車位0,,,其他,,,,0.0,0,0,0,有,無,5643000,4075,,0.0,0,,RPPNMLQLKIMFFAX27DA,0.0,0.0,0.0,,
馬公市,土地,雙湖段806地號,457.36,,一般農業區,農牧用地,1061121,土地2建物0車位0,,,其他,,,,0.0,0,0,0,有,無,3036000,6638,,0.0,0,,RPPNMLPLKIMFFAX17DA,0.0,0.0,0.0,,
湖西鄉,土地,成功南段262-4地號,244.17,,一般農業區,甲種建築用地,1061210,土地3建物0車位0,,,其他,,,,0.0,0,0,0,有,無,6760000,27686,,0.0,0,交易總價含未建築之建物,RPRNMLPKJHNFFAX17DA,0.0,0.0,0.0,,
湖西鄉,土地,成功南段262-4地號,244.01,,一般農業區,甲種建築用地,1061130,土地3建物0車位0,,,其他,,,,0.0,0,0,0,有,無,6760000,27704,,0.0,0,交易總價含未建築之建物,RPTNMLPKJHNFFAX37DA,0.0,0.0,0.0,,
馬公市,土地,五德西段673地號,1571.18,,一般農業區,農牧用地,1060918,土地1建物0車位0,,,其他,,,,0.0,0,0,0,有,無,4622200,2942,,0.0,0,,RPSNMLKLKIMFFAX86CA,0.0,0.0,0.0,,
西嶼鄉,土地,赤馬一段455地號,501.58,,鄉村區,乙種建築用地,1061108,土地3建物0車位0,,,其他,,,,0.0,0,0,0,有,無,1300000,2592,,0.0,0,親友、員工或其他特殊關係間之交易。,RPPOMLMLKIMFFAX86CA,0.0,0.0,0.0,,
馬公市,土地,光榮段148地號,206.77,其他,,,1061206,土地1建物0車位0,,,其他,,,,0.0,0,0,0,有,無,6254700,30250,,0.0,0,,RPPNMLOLKIMFFAX96CA,0.0,0.0,0.0,,
馬公市,土地,五福段428地號,281.77,,鄉村區,乙種建築用地,1061115,土地1建物0車位0,,,其他,,,,0.0,0,0,0,有,無,12950000,45959,,0.0,0,,RPRNMLPLKIMFFAX27CA,0.0,0.0,0.0,,
湖西鄉,房地(土地+建物),澎湖縣湖西鄉林投１０８之１１號,432.94,,一般農業區,甲種建築用地,1061206,土地1建物1車位0,全,二層,透天厝,住家用,加強磚造,0890510,224.06,4,2,4,有,無,4260000,19013,,0.0,0,,RPPNMLRLKIMFFAX27CA,218.51,5.55,0.0,,
湖西鄉,土地,東石新段55地號,26.89,,一般農業區,殯葬用地,1061215,土地6建物0車位0,,,其他,,,,0.0,0,0,0,有,無,104883,3900,,0.0,0,協議價購一般農業區農牧用地、交通用地、殯葬用地,RPOOMLTJJHNFFAX17CA,0.0,0.0,0.0,,
馬公市,房地(土地+建物),澎湖縣馬公市貿商街１２８號十三樓之五,28.64,住,,,1061201,土地2建物1車位0,十三層,十四層,住宅大樓(11層含以上有電梯),集合住宅,鋼筋混凝土造,0950710,176.07999999999998,3,2,2,有,有,4380000,24875,,0.0,0,,RPPNMLTLKIMFFAX47CA,96.05,0.0,10.96,,
馬公市,土地,案山段750地號,25.35,其他,,,1061215,土地1建物0車位0,,,其他,,,,0.0,0,0,0,有,無,935415,36900,,0.0,0,協議價購都市計畫道路用地,RPQNMLMLKIMFFAX86CA,0.0,0.0,0.0,,
馬公市,土地,烏崁新段131地號,2620.49,,一般農業區,農牧用地,1061206,土地1建物0車位0,,,其他,,,,0.0,0,0,0,有,無,3560000,1359,,0.0,0,,RPWNMLLLKIMFFAX37CA,0.0,0.0,0.0,,
馬公市,房地(土地+建物),澎湖縣馬公市五福路3巷43號二樓之二,45.37,,鄉村區,乙種建築用地,1061026,土地1建物1車位0,二層,四層,公寓(5樓含以下無電梯),住家用,鋼筋混凝土造,0840530,102.6,3,2,2,有,無,4000000,38986,,0.0,0,有電梯,RPXNMLPKNHOFFAX28DA,81.64,7.21,0.0,,
馬公市,土地,東澳段594地號,26.2,住,,,1061205,土地1建物0車位0,,,其他,,,,0.0,0,0,0,有,無,0,0,,0.0,0,土地及建物分次登記案件，後案建物登記收件字號052870 共 1筆，權利人共1人，此案為合建分售案,RPXNMLMLKIMFFAX67DA,0.0,0.0,0.0,,
馬公市,房地(土地+建物)+車位,澎湖縣馬公市文山路２７巷８之２號七樓,26.2,住,,,1061205,土地1建物1車位1,七層,十層,華廈(10層含以下有電梯),集合住宅,鋼筋混凝土造,1060328,134.23,3,2,2,有,無,6880000,55711,坡道平面,23.3,700000,土地及建物分次登記案件， 含土地款185.4萬萬 ，此案為合建分售案因661建號原有7個車位，售出1個車位，所以必須重新出狀，以至於出現標的二,RPOOMLMLKIMFFAX86DA,70.2,9.35,0.0,,
西嶼鄉,土地,二崁北段495-1地號,179.28,其他,,,1061211,土地2建物0車位0,,,其他,,,,0.0,0,0,0,有,無,419240,2338,,0.0,0,,RPQNMLPLKIMFFAX27DA,0.0,0.0,0.0,,
馬公市,土地,中衛段975地號,1407.61,農,,,1060921,土地1建物0車位0,,,其他,,,,0.0,0,0,0,有,無,19840000,14095,,0.0,0,,RPWNMLMLKIMFFAX47CA,0.0,0.0,0.0,,
馬公市,土地,山水北段175-1地號,564.18,,一般農業區,農牧用地,1061125,土地1建物0車位0,,,其他,,,,0.0,0,0,0,有,無,4330000,7675,,0.0,0,,RPTNMLRLKIMFFAX67CA,0.0,0.0,0.0,,
湖西鄉,土地,東石新段18-1地號,5.14,,一般農業區,農牧用地,1061213,土地1建物0車位0,,,其他,,,,0.0,0,0,0,有,無,20027,3896,,0.0,0,協議價購一般農業區農牧用地,RPUNMLRLKIMFFAX77CA,0.0,0.0,0.0,,
湖西鄉,土地,北寮新段188地號,19.08,,鄉村區,乙種建築用地,1061215,土地1建物0車位0,,,其他,,,,0.0,0,0,0,有,無,120000,6289,,0.0,0,,RPQNMLQLKIMFFAX27CA,0.0,0.0,0.0,,
馬公市,房地(土地+建物),澎湖縣馬公市永和街３２巷１０號,57.11,住,,,1061118,土地1建物1車位0,全,二層,透天厝,住家用,鋼筋混凝土加強磚造,0671122,83.58,5,2,2,有,無,5500000,65805,,0.0,0,,RPQOMLMJJHNFFAX66CA,83.58,0.0,0.0,,
馬公市,土地,雙湖段1110-11地號,532.2,,一般農業區,農牧用地,1060816,土地2建物0車位0,,,其他,,,,0.0,0,0,0,有,無,18000000,33822,,0.0,0,權利人為2人，含未來興建2戶房屋價款,RPWNMLSKJHNFFAX87CA,0.0,0.0,0.0,,
馬公市,土地,山水北段542地號,309.98,,一般農業區,農牧用地,1061130,土地1建物0車位0,,,其他,,,,0.0,0,0,0,有,無,1200000,3871,,0.0,0,,RPPNMLPJJHNFFAX86DA,0.0,0.0,0.0,,
湖西鄉,建物,澎湖縣湖西鄉龍門村128號,0.0,,,,1060726,土地0建物1車位0,全,一層,透天厝,住家用,造,0180101,29.93,2,1,1,有,無,50000,1671,,0.0,0,,RPTNMLTJJHNFFAX67DA,29.93,0.0,0.0,,
湖西鄉,土地,烏崁新段77地號,3975.99,,一般農業區,農牧用地,1061205,土地18建物0車位0,,,其他,,,,0.0,0,0,0,有,無,3600000,905,,0.0,0,,RPQNMLSLKIMFFAX57DA,0.0,0.0,0.0,,
西嶼鄉,土地,大池段1241地號,265.01,,一般農業區,甲種建築用地,1061201,土地1建物0車位0,,,其他,,,,0.0,0,0,0,有,無,1600000,6038,,0.0,0,親友、員工或其他特殊關係間之交易。,RPPOMLMJJHNFFAX66DA,0.0,0.0,0.0,,
馬公市,房地(土地+建物),澎湖縣馬公市三多路１４６巷３１號,41.23,住,,,1061207,土地1建物1車位0,全,二層,透天厝,住家用,鋼筋混凝土加強空心磚造,0640724,55.44,3,1,1,有,無,3600000,64935,,0.0,0,,RPRNMLTJJHNFFAX37CA,55.44,0.0,0.0,,
湖西鄉,土地,成功南段825地號,250.77,,一般農業區,農牧用地,1061218,土地1建物0車位0,,,其他,,,,0.0,0,0,0,有,無,3550000,14156,,0.0,0,,RPROMLMJJHNFFAX76CA,0.0,0.0,0.0,,
馬公市,房地(土地+建物),澎湖縣馬公市經國路１１３巷２２號,133.0,商,,,1061207,土地1建物1車位0,全,二層,透天厝,住商用,鋼筋混凝土加強磚造,0771012,237.74,3,3,2,有,無,11000000,46269,,0.0,0,,RPRNMLQLKIMFFAX37CA,237.74,0.0,0.0,,
湖西鄉,土地,東石新段451-1地號,46.56,,鄉村區,乙種建築用地,1061222,土地1建物0車位0,,,其他,,,,0.0,0,0,0,有,無,335232,7200,,0.0,0,協議價購鄉村區乙種建築用地,RPVNMLRLKIMFFAX87CA,0.0,0.0,0.0,,
白沙鄉,土地,吉貝西段855地號,266.33,,鄉村區,乙種建築用地,1061127,土地3建物0車位0,,,其他,,,,0.0,0,0,0,有,無,2839078,10660,,0.0,0,向政府機關承購之案件。,RPSNMLRLKIMFFAX57CA,0.0,0.0,0.0,,
湖西鄉,土地,成功北段254地號,19.2,,鄉村區,乙種建築用地,1061222,土地1建物0車位0,,,其他,,,,0.0,0,0,0,有,無,138240,7200,,0.0,0,協議價購鄉村區乙種建築用地,RPPNMLSLKIMFFAX37CA,0.0,0.0,0.0,,
馬公市,土地,北極段782地號,18.65,商,,,1061206,土地1建物0車位0,,,其他,,,,0.0,0,0,0,有,無,270000,14477,,0.0,0,親友、員工或其他特殊關係間之交易。買受人負擔土地增值稅40110元,RPRNMLSLKIMFFAX57CA,0.0,0.0,0.0,,
湖西鄉,土地,許家段195地號,695.53,,風景區,農牧用地,1060921,土地2建物0車位0,,,其他,,,,0.0,0,0,0,有,無,7363000,10586,,0.0,0,,RPPNMLMJJHNFFAX09CA,0.0,0.0,0.0,,
湖西鄉,房地(土地+建物),澎湖縣湖西鄉隘門２００號,278.18,,一般農業區,甲種建築用地,1061215,土地2建物1車位0,全,三層,透天厝,住家用,鋼筋混凝土造,1061106,219.89,4,2,5,有,無,6500000,29560,,0.0,0,,RPTNMLMJJHNFFAX86CA,203.24,16.65,0.0,,
湖西鄉,房地(土地+建物),澎湖縣湖西鄉隘門２０１之２號,254.49,,一般農業區,甲種建築用地,1061215,土地2建物1車位0,全,三層,透天厝,住家用,鋼筋混凝土造,1061106,289.69,5,2,6,有,無,7000000,24164,,0.0,0,,RPUNMLMJJHNFFAX96CA,282.68,7.01,0.0,,
馬公市,土地,四維段266-1地號,0.64,,鄉村區,乙種建築用地,1061205,土地1建物0車位0,,,其他,,,,0.0,0,0,0,有,無,500000,0,,0.0,0,畸零地或有合併使用之交易。賣方賣清價。,RPVNMLMJJHNFFAX07CA,0.0,0.0,0.0,,
馬公市,土地,興仁段38地號,306.75,,鄉村區,乙種建築用地,1061130,土地1建物0車位0,,,其他,,,,0.0,0,0,0,有,無,2000000,6520,,0.0,0,含未登記建物。,RPWNMLMJJHNFFAX17CA,0.0,0.0,0.0,,
湖西鄉,土地,葉新段2039地號,25.16,,一般農業區,農牧用地,1061127,土地1建物0車位0,,,其他,,,,0.0,0,0,0,有,無,114000,4531,,0.0,0,,RPWNMLRLKIMFFAX08DA,0.0,0.0,0.0,,
馬公市,土地,六合段396地號,1325.17,,一般農業區,農牧用地,1061205,土地1建物0車位0,,,其他,,,,0.0,0,0,0,有,無,108800000,82103,,0.0,0,權利人共七人  含未來興建七戶之房屋價款,RPSNMLOLJHNFFAX27DA,0.0,0.0,0.0,,
馬公市,建物,澎湖縣馬公市前寮３３之１號,0.0,,,,1061220,土地0建物1車位0,全,一層,透天厝,活動中心,補強紅磚造,0710820,185.01,3,1,1,有,無,313313,1693,,0.0,0,向政府機關承購之案件。,RPSNMLKKJHNFFAX86EA,185.01,0.0,0.0,,
湖西鄉,土地,鼎灣新段991地號,156.28,,一般農業區,農牧用地,1061216,土地1建物0車位0,,,其他,,,,0.0,0,0,0,有,無,390000,2496,,0.0,0,,RPQNMLMJJHNFFAX56CA,0.0,0.0,0.0,,
馬公市,房地(土地+建物),澎湖縣馬公市文林街４５號,62.22,住,,,1061204,土地2建物1車位0,全,二層,透天厝,住商用,鋼筋混凝土加強磚造,0670823,76.6,3,3,2,有,無,3960000,51697,,0.0,0,,RPRNMLSJJHNFFAX27CA,76.6,0.0,0.0,,
馬公市,房地(土地+建物),澎湖縣馬公市西文澳３６之１４號三樓,29.76,住,,,1061204,土地1建物1車位0,三層,五層,公寓(5樓含以下無電梯),住家用,鋼筋混凝土造,0840322,94.52,3,1,2,有,無,3860000,40838,,0.0,0,有電梯,RPQNMLLKJHNFFAX56CA,78.09,2.65,0.0,,
湖西鄉,土地,隘門新段434地號,298.17,,一般農業區,甲種建築用地,1061117,土地4建物0車位0,,,其他,,,,0.0,0,0,0,有,無,1000000,3354,,0.0,0,,RPXNMLOLJHNFFAX67CA,0.0,0.0,0.0,,
馬公市,房地(土地+建物),澎湖縣馬公市鎖管港229號,68.77,住,,,1061220,土地1建物1車位0,全,二層,透天厝,住商用,鋼筋混凝土加強磚造,0710806,88.22,4,1,3,有,無,2800000,31739,,0.0,0,親友、員工或其他特殊關係間之交易。,RPQNMLTLKIMFFAX67DA,88.22,0.0,0.0,,
馬公市,土地,山水北段929地號,241.18,,一般農業區,農牧用地,1061130,土地1建物0車位0,,,其他,,,,0.0,0,0,0,有,無,500000,2073,,0.0,0,親友關係間之交易。,RPQNMLSJJHNFFAX17CA,0.0,0.0,0.0,,
白沙鄉,土地,通梁東段4地號,658.43,,風景區,農牧用地,1061120,土地1建物0車位0,,,其他,,,,0.0,0,0,0,有,無,5000000,7594,,0.0,0,,RPXNMLMJJHNFFAX27CA,0.0,0.0,0.0,,
馬公市,土地,馬公段103-47地號,44.0,商,,,1061220,土地1建物0車位0,,,其他,,,,0.0,0,0,0,有,無,2288000,52000,,0.0,0,親友、員工或其他特殊關係間之交易。,RPPNMLMKJHNFFAX56CA,0.0,0.0,0.0,,
湖西鄉,土地,南寮北段769地號,410.74,,鄉村區,乙種建築用地,1061130,土地5建物0車位0,,,其他,,,,0.0,0,0,0,有,無,1300000,3165,,0.0,0,,RPPNMLPKJHNFFAX96DA,0.0,0.0,0.0,,
馬公市,土地,五福段81地號,2060.57,,一般農業區,農牧用地,1061226,土地1建物0車位0,,,其他,,,,0.0,0,0,0,有,無,85680000,41581,,0.0,0,農變建移轉土地持分給予權利人共9人內含未來9戶興建之成本8568萬,RPUNMLTJJHNFFAX77DA,0.0,0.0,0.0,,
馬公市,房地(土地+建物),澎湖縣馬公市大案山58之3號,142.5,住,,,1061127,土地1建物1車位0,全,二層,透天厝,住家用,石造,0650715,112.14,4,1,1,有,無,2700000,24077,,0.0,0,親友、員工或其他特殊關係間之交易。,RPPNMLLKJHNFFAX56DA,112.14,0.0,0.0,,
白沙鄉,土地,後寮段963地號,1236.0,,一般農業區,農牧用地,1061208,土地2建物0車位0,,,其他,,,,0.0,0,0,0,有,無,1900000,1537,,0.0,0,,RPQNMLKKJHNFFAX09CA,0.0,0.0,0.0,,
馬公市,土地,六合段212地號,1116.05,,一般農業區,農牧用地,1061225,土地1建物0車位0,,,其他,,,,0.0,0,0,0,有,無,51500000,46145,,0.0,0,權利人共5人，含未來興建5戶之房屋價款,RPWNMLOLJHNFFAX57CA,0.0,0.0,0.0,,
馬公市,土地,東衛段922地號,680.06,,鄉村區,乙種建築用地,1061107,土地1建物0車位0,,,其他,,,,0.0,0,0,0,有,無,11320000,16646,,0.0,0,,RPQNMLQKJHNFFAX07CA,0.0,0.0,0.0,,
馬公市,土地,國宅段287地號,404.51,,一般農業區,農牧用地,1061226,土地1建物0車位0,,,其他,,,,0.0,0,0,0,有,無,16880000,41729,,0.0,0,權利人數：2人變更起造人，含未來興建房屋之價格,RPSNMLQKJHNFFAX27CA,0.0,0.0,0.0,,
馬公市,土地,安宅段863地號,1936.03,,一般農業區,農牧用地,1061227,土地1建物0車位0,,,其他,,,,0.0,0,0,0,有,無,59870000,30924,,0.0,0,權利人數：7人變更起造人，含未來興建房屋之價格,RPTNMLQKJHNFFAX37CA,0.0,0.0,0.0,,
西嶼鄉,房地(土地+建物),澎湖縣西嶼鄉合界村８１號,180.96,,鄉村區,乙種建築用地,1060928,土地1建物1車位0,全,一層,透天厝,,,0210101,24.3,3,1,1,有,無,1280000,52675,,0.0,0,,RPXNMLQKJHNFFAX77CA,24.3,0.0,0.0,,
馬公市,土地,西澳段34-1地號,118.83,住,,,1061107,土地1建物0車位0,,,其他,,,,0.0,0,0,0,有,無,5760000,48473,,0.0,0,親友、員工或其他特殊關係間之交易。,RPQNMLOKJHNFFAX96DA,0.0,0.0,0.0,,
馬公市,房地(土地+建物),澎湖縣馬公市永和街20號,59.54,住,,,1061127,土地1建物1車位0,全,四層,透天厝,住家用,鋼筋混凝土造,0651122,133.41,6,1,8,有,無,6360000,47673,,0.0,0,,RPQNMLQLJHNFFAX27DA,133.41,0.0,0.0,,
白沙鄉,土地,赤崁北段271地號,121.95,,鄉村區,乙種建築用地,1061227,土地3建物0車位0,,,其他,,,,0.0,0,0,0,有,無,400000,3280,,0.0,0,親友、員工或其他特殊關係間之交易。,RPPNMLTLJHNFFAX57EA,0.0,0.0,0.0,,
湖西鄉,土地,龍門北段576地號,1650.29,,一般農業區,農牧用地,1061229,土地1建物0車位0,,,其他,,,,0.0,0,0,0,有,無,2600000,1575,,0.0,0,,RPVNMLTJJHNFFAX87DA,0.0,0.0,0.0,,
馬公市,土地,鐵線段349-1地號,417.67,,一般農業區,農牧用地,1061229,土地1建物0車位0,,,其他,,,,0.0,0,0,0,有,無,18400000,44054,,0.0,0,權利人為2人，含未來興建2戶房屋價款。,RPSNMLQJKHNFFAX27CA,0.0,0.0,0.0,,
湖西鄉,房地(土地+建物),澎湖縣湖西鄉沙港139-5號,661.94,,一般農業區,甲種建築用地,1061115,土地1建物1車位0,全,二層,透天厝,住家用,加強磚造,0921217,155.71,5,1,2,有,無,6880000,44185,,0.0,0,,RPQNMLSKJHNFFAX37DA,145.16,10.55,0.0,,
馬公市,土地,五福段549-1地號,248.71,,一般農業區,農牧用地,1061227,土地1建物0車位0,,,其他,,,,0.0,0,0,0,有,無,5100000,20506,,0.0,0,,RPVNMLQKJHNFFAX57CA,0.0,0.0,0.0,,
馬公市,土地,五福段904地號,692.42,,一般農業區,農牧用地,1061007,土地1建物0車位0,,,其他,,,,0.0,0,0,0,有,無,10250000,14803,,0.0,0,,RPWNMLQKJHNFFAX67CA,0.0,0.0,0.0,,
白沙鄉,土地,後寮段2584-4地號,218.25,,鄉村區,乙種建築用地,1061201,土地5建物0車位0,,,其他,,,,0.0,0,0,0,有,無,807525,3700,,0.0,0,權利人為二人親友、員工或其他特殊關係間之交易。,RPPNMLRKJHNFFAX07CA,0.0,0.0,0.0,,
馬公市,土地,東澳段496地號,7.25,其他,,,1061229,土地1建物0車位0,,,其他,,,,0.0,0,0,0,有,無,430000,59310,,0.0,0,公共設施保留地之交易。,RPRNMLMKJHNFFAX76CA,0.0,0.0,0.0,,
馬公市,土地,興崁段995地號,378.35,,一般農業區,農牧用地,1061227,土地1建物0車位0,,,其他,,,,0.0,0,0,0,有,無,14798000,39112,,0.0,0,權利人數：2人變更起造人，含未來興建房屋之費用,RPQNMLTKJHNFFAX37CA,0.0,0.0,0.0,,
白沙鄉,土地,赤崁南段270-5地號,201.0,,一般農業區,甲種建築用地,1061231,土地3建物0車位0,,,其他,,,,0.0,0,0,0,有,無,6000000,29851,,0.0,0,農變建專案核准變更起造人交易總價包括興建中房屋建築費用。,RPUNMLPLJHNFFAX47CA,0.0,0.0,0.0,,
白沙鄉,土地,後寮段2388地號,463.0,,一般農業區,農牧用地,1061208,土地1建物0車位0,,,其他,,,,0.0,0,0,0,有,無,900000,1944,,0.0,0,,RPRNMLTLJHNFFAX57CA,0.0,0.0,0.0,,
馬公市,土地,東澳段946地號,70.92,住,,,1061225,土地1建物0車位0,,,其他,,,,0.0,0,0,0,有,無,1501700,21175,,0.0,0,,RPPNMLOKJHNFFAX76CA,0.0,0.0,0.0,,
湖西鄉,土地,機場段545地號,146.09,,一般農業區,甲種建築用地,1061230,土地1建物0車位0,,,其他,,,,0.0,0,0,0,有,無,800000,5476,,0.0,0,,RPPNMLQKJHNFFAX96CA,0.0,0.0,0.0,,
馬公市,土地,四維段1312地號,371.58,,一般農業區,農牧用地,1061023,土地1建物0車位0,,,其他,,,,0.0,0,0,0,有,無,1800000,4844,,0.0,0,親友、員工或其他特殊關係間之交易。,RPTNMLRKJHNFFAX47CA,0.0,0.0,0.0,,
湖西鄉,土地,沙港北段1065地號,70.54,,鄉村區,乙種建築用地,1070103,土地1建物0車位0,,,其他,,,,0.0,0,0,0,有,無,350000,4962,,0.0,0,,RPUNMLMKJHNFFAX07CA,0.0,0.0,0.0,,
馬公市,房地(土地+建物),澎湖縣馬公市文山路２７巷８之１號二樓,21.44,住,,,1061220,土地1建物1車位0,二層,十層,華廈(10層含以下有電梯),集合住宅,鋼筋混凝土造,1060328,92.53,2,2,1,有,有,4700000,50794,,0.0,0,,RPVNMLMKJHNFFAX17CA,56.2,9.23,0.0,,
馬公市,房地(土地+建物),澎湖縣馬公市後窟潭１８之３２號,144.75,,一般農業區,甲種建築用地,1061219,土地2建物1車位0,全,三層,透天厝,住家用,鋼筋混凝土造,0860718,165.13,4,2,3,有,無,6300000,38152,,0.0,0,,RPVNMLSKJHNFFAX77CA,161.91,3.22,0.0,,
馬公市,房地(土地+建物),澎湖縣馬公市忠孝路４０巷３號,81.8,住,,,1061207,土地2建物2車位0,全,三層,透天厝,住家用,筋加強紅磚混凝土,0571031,116.2,5,2,2,有,無,3749800,32270,,0.0,0,親友、員工或其他特殊關係間之交易。含增建或未登記建物。,RPXNMLSKJHNFFAX97CA,116.2,0.0,0.0,,
馬公市,房地(土地+建物)+車位,澎湖縣馬公市文光路85號十樓之九,16.45,其他,,,1061201,土地10建物1車位1,十層,十層,華廈(10層含以下有電梯),住家用,鋼筋混凝土造,0870723,194.47,3,2,2,有,有,4500000,23140,坡道機械,0.0,0,,RPQNMLRKJHNFFAX27DA,96.82,10.3,0.0,,
馬公市,土地,五福段541地號,1428.2,,一般農業區,農牧用地,1061030,土地1建物0車位0,,,其他,,,,0.0,0,0,0,有,無,17781200,12450,,0.0,0,,RPQNMLMKJHNFFAX76DA,0.0,0.0,0.0,,
馬公市,土地,文東段988-2地號,345.3,,一般農業區,農牧用地,1061220,土地2建物0車位0,,,其他,,,,0.0,0,0,0,有,無,5200000,15059,,0.0,0,親友、員工或其他特殊關係間之交易。,RPSNMLMKJHNFFAX96DA,0.0,0.0,0.0,,
湖西鄉,土地,鼎灣新段1311地號,1065.12,,一般農業區,農牧用地,1061230,土地1建物0車位0,,,其他,,,,0.0,0,0,0,有,無,1930000,1812,,0.0,0,,RPQNMLKMJHNFFAX76DA,0.0,0.0,0.0,,
西嶼鄉,土地,大池段298地號,271.66,,一般農業區,農牧用地,1060929,土地1建物0車位0,,,其他,,,,0.0,0,0,0,有,無,369000,1358,,0.0,0,向政府機關承購之案件。,RPQOMLQKJHNFFAX37EA,0.0,0.0,0.0,,
白沙鄉,土地,後寮段1027地號,199.0,,一般農業區,農牧用地,1060929,土地1建物0車位0,,,其他,,,,0.0,0,0,0,有,無,368200,1850,,0.0,0,向政府機關承購之案件。,RPPNMLTKJHNFFAX47EA,0.0,0.0,0.0,,
馬公市,土地,興仁段73地號,76.8,,鄉村區,乙種建築用地,1060929,土地1建物0車位0,,,其他,,,,0.0,0,0,0,有,無,1710000,22266,,0.0,0,未辦繼承代為標售案,RPPOMLQKJHNFFAX27EA,0.0,0.0,0.0,,
馬公市,土地,六合段163-12地號,290.27,,一般農業區,甲種建築用地,1061230,土地2建物0車位0,,,其他,,,,0.0,0,0,0,有,無,13980000,48162,,0.0,0,變更起造人，含未來興建房屋之費用,RPRNMLRKJHNFFAX27CA,0.0,0.0,0.0,,
馬公市,土地,興崁段1074地號,790.14,,一般農業區,農牧用地,1061231,土地1建物0車位0,,,其他,,,,0.0,0,0,0,有,無,31860000,40322,,0.0,0,權利人數：3人變更起造人，含未來興建房屋之費用,RPUNMLQKJHNFFAX47CA,0.0,0.0,0.0,,
白沙鄉,土地,通梁東段457地號,480.2,,一般農業區,農牧用地,1061221,土地1建物0車位0,,,其他,,,,0.0,0,0,0,有,無,908000,1891,,0.0,0,標購縣府代為標售地籍清理未能釐清權屬土地,RPSNMLRKJHNFFAX37CA,0.0,0.0,0.0,,
湖西鄉,土地,湖西北段571地號,426.85,,一般農業區,農牧用地,1070104,土地1建物0車位0,,,其他,,,,0.0,0,0,0,有,無,12200000,28581,,0.0,0,權利人數：2人變更起造人，含未來興建房屋之費用,RPOOMLQKJHNFFAX96CA,0.0,0.0,0.0,,
馬公市,土地,文寮段362地號,1076.91,,一般農業區,農牧用地,1070104,土地1建物0車位0,,,其他,,,,0.0,0,0,0,有,無,42890000,39827,,0.0,0,農變建移轉土地持分給予權利人共5人，內含未來5戶之興建成本共計4289萬,RPPNMLKLJHNFFAX09CA,0.0,0.0,0.0,,
馬公市,房地(土地+建物)+車位,澎湖縣馬公市三多路４１１號六樓之二,13.76,商,,,1061209,土地1建物1車位1,六層,十層,華廈(10層含以下有電梯),住家用,鋼筋混凝土造,0850308,120.02,2,1,2,有,有,4680000,38994,坡道機械,0.0,0,,RPPNMLKMJHNFFAX56CA,86.31,7.15,0.0,,
白沙鄉,土地,通梁中段578地號,113.45,住,,,1060929,土地1建物0車位0,,,其他,,,,0.0,0,0,0,有,無,796419,7020,,0.0,0,向政府機關承購之案件。,RPVNMLQKJHNFFAX77EA,0.0,0.0,0.0,,
馬公市,土地,北極段1085-3地號,96.99,住,,,1070108,土地1建物0車位0,,,其他,,,,0.0,0,0,0,有,無,1200000,12372,,0.0,0,,RPPNMLNLJHNFFAX96EA,0.0,0.0,0.0,,
西嶼鄉,土地,二崁南段1407地號,2124.05,,風景區,農牧用地,1060929,土地2建物0車位0,,,其他,,,,0.0,0,0,0,有,無,7564332,3561,,0.0,0,地籍清理政府代為標售案件,RPTNMLSKJHNFFAX77EA,0.0,0.0,0.0,,
湖西鄉,土地,西溪新段805地號,115.04,,鄉村區,乙種建築用地,1060929,土地1建物0車位0,,,其他,,,,0.0,0,0,0,有,無,316000,2747,,0.0,0,向政府機關承購之案件。地清標售,RPSNMLSKJHNFFAX57DA,0.0,0.0,0.0,,
馬公市,土地,文石段275地號,760.78,,一般農業區,農牧用地,1061215,土地1建物0車位0,,,其他,,,,0.0,0,0,0,有,無,48640000,63934,,0.0,0,共有人4人。農變建專案核准交易總價包括未興建房屋建築費用。,RPVNMLPLJHNFFAX67DA,0.0,0.0,0.0,,
馬公市,土地,六合段163-12地號,269.74,,一般農業區,甲種建築用地,1061230,土地2建物0車位0,,,其他,,,,0.0,0,0,0,有,無,14600000,54126,,0.0,0,變更起造人，含未來興建房屋之費用,RPQNMLQJKHNFFAX17DA,0.0,0.0,0.0,,
馬公市,土地,興崁段534地號,1452.22,,一般農業區,農牧用地,1061229,土地1建物0車位0,,,其他,,,,0.0,0,0,0,有,無,54080000,37240,,0.0,0,權利人為8人，含未來興建8戶房屋價款。,RPUNMLQJKHNFFAX47CA,0.0,0.0,0.0,,
馬公市,土地,山水北段800-4地號,418.28,,一般農業區,甲種建築用地,1051231,土地2建物0車位0,,,其他,,,,0.0,0,0,0,有,無,19500000,46619,,0.0,0,農變建專案核准變更起造人交易總價包括未興建房屋建築費用。,RPRNMLLKKHNFFAX76CA,0.0,0.0,0.0,,
馬公市,土地,山水北段800-4地號,418.45,,一般農業區,甲種建築用地,1051231,土地2建物0車位0,,,其他,,,,0.0,0,0,0,有,無,19500000,46601,,0.0,0,農變建專案核准變更起造人交易總價包括未興建房屋建築費用。,RPSNMLLKKHNFFAX86CA,0.0,0.0,0.0,,
馬公市,房地(土地+建物),澎湖縣馬公市石泉１之１６４號,49.3,,鄉村區,乙種建築用地,1061206,土地1建物1車位0,全,三層,透天厝,住家用,鋼筋混凝土造,0730621,122.8,4,2,2,有,無,3460000,28176,,0.0,0,,RPQNMLSJKHNFFAX27CA,122.8,0.0,0.0,,
白沙鄉,房地(土地+建物),澎湖縣白沙鄉通梁６６之１８號,153.74,住,,,1061212,土地1建物1車位0,全,三層,透天厝,住家用,鋼筋混凝土造,1041221,188.94,4,2,5,有,無,5800000,30698,,0.0,0,,RPPNMLLJKHNFFAX09CA,179.45,9.49,0.0,,
馬公市,房地(土地+建物),澎湖縣馬公市西文澳779號,195.05,,一般農業區,甲種建築用地,1061222,土地2建物1車位0,全,三層,透天厝,住家用,鋼筋混凝土造,1061116,207.1,4,2,4,有,無,8880000,42878,,0.0,0,,RPPNMLSLJHNFFAX37DA,197.25,9.85,0.0,,
馬公市,土地,東澳段111地號,120.0,住,,,1070105,土地1建物0車位0,,,其他,,,,0.0,0,0,0,有,無,11970000,99750,,0.0,0,,RPPNMLQLJHNFFAX17DA,0.0,0.0,0.0,,
馬公市,房地(土地+建物),澎湖縣馬公市光明路１之２９號,28.0,商,,,1070105,土地2建物1車位0,全,四層,透天厝,住商用,鋼筋混凝土加強磚造,0611205,88.12,3,1,3,有,無,2200000,24966,,0.0,0,,RPPNMLMLJHNFFAX86EA,88.12,0.0,0.0,,
馬公市,土地,山水南段558地號,210.34,,鄉村區,乙種建築用地,1060929,土地2建物0車位0,,,其他,,,,0.0,0,0,0,有,無,2400000,11410,,0.0,0,地籍清理政府代為標售案件,RPRNMLSKJHNFFAX57EA,0.0,0.0,0.0,,
白沙鄉,土地,講美段301地號,358.68,,鄉村區,乙種建築用地,1060929,土地2建物0車位0,,,其他,,,,0.0,0,0,0,有,無,1392500,3882,,0.0,0,地籍清理政府代為標售案件,RPSNMLSKJHNFFAX67EA,0.0,0.0,0.0,,
白沙鄉,土地,鎮海新段351地號,342.68,,,,1061221,土地2建物0車位0,,,其他,,,,0.0,0,0,0,有,無,682000,1990,,0.0,0,,RPQNMLLMJHNFFAX86DA,0.0,0.0,0.0,,
馬公市,土地,國宅段588-1地號,301.78,住,,,1070108,土地1建物0車位0,,,其他,,,,0.0,0,0,0,有,無,5378600,17823,,0.0,0,,RPQOMLSKJHNFFAX37CA,0.0,0.0,0.0,,
西嶼鄉,土地,二崁南段742地號,474.93,,一般農業區,農牧用地,1070108,土地1建物0車位0,,,其他,,,,0.0,0,0,0,有,無,1150000,2421,,0.0,0,共有人間買賣,RPUNMLSKJHNFFAX67CA,0.0,0.0,0.0,,
馬公市,土地,山水東段583地號,1852.19,,一般農業區,農牧用地,1061226,土地1建物0車位0,,,其他,,,,0.0,0,0,0,有,無,1920000,1037,,0.0,0,急賣買方負擔土地增值稅1115960元,RPRNMLTKJHNFFAX47CA,0.0,0.0,0.0,,
白沙鄉,房地(土地+建物),澎湖縣白沙鄉通樑村４３號,108.88,住,,,1061221,土地1建物1車位0,全,一層,透天厝,住家用,造,,46.13,6,1,1,有,無,812000,17602,,0.0,0,標購縣府代為標售地籍清理未能釐清權屬土地,RPPOMLSKJHNFFAX27CA,0.0,0.0,0.0,,
馬公市,房地(土地+建物),澎湖縣馬公市案山里大案山22-10號,134.24,住,,,1061231,土地1建物1車位0,全,三層,透天厝,住家用,鋼筋混凝土造,1061124,223.11,7,2,8,有,無,7800000,34960,,0.0,0,,RPRNMLKMJHNFFAX86DA,215.31,7.8,0.0,,
馬公市,房地(土地+建物),澎湖縣馬公市案山里大案山22-12號,130.38,住,,,1061231,土地1建物1車位0,全,三層,透天厝,住家用,鋼筋混凝土造,1061124,241.66,6,2,4,有,無,7580000,31366,,0.0,0,,RPUNMLKMJHNFFAX17DA,228.88,12.78,0.0,,
馬公市,房地(土地+建物),澎湖縣馬公市案山里大案山22-13號,124.2,住,,,1061231,土地1建物1車位0,全,三層,透天厝,住家用,鋼筋混凝土造,1061124,241.66,6,2,5,有,無,7580000,31366,,0.0,0,,RPWNMLKMJHNFFAX37DA,233.09,8.57,0.0,,
馬公市,房地(土地+建物),澎湖縣馬公市案山里大案山22-11號,130.04,住,,,1061231,土地1建物1車位0,全,三層,透天厝,住家用,鋼筋混凝土造,1061124,238.26,4,2,5,有,無,7580000,31814,,0.0,0,,RPOOMLKMJHNFFAX66DA,227.72,10.54,0.0,,
湖西鄉,土地,北寮新段152地號,381.94,,鄉村區,乙種建築用地,1061124,土地2建物0車位0,,,其他,,,,0.0,0,0,0,有,無,5776500,15124,,0.0,0,,RPRNMLLJKHNFFAX66CA,0.0,0.0,0.0,,
湖西鄉,土地,西溪新段2500地號,1753.71,,一般農業區,農牧用地,1061220,土地1建物0車位0,,,其他,,,,0.0,0,0,0,有,無,6360000,3627,,0.0,0,,RPRNMLMLJHNFFAX86CA,0.0,0.0,0.0,,
馬公市,房地(土地+建物),澎湖縣馬公市三多路３５５號九樓之二,31.66,住,,,1061220,土地1建物1車位0,九層,十四層,住宅大樓(11層含以上有電梯),集合住宅,鋼筋混凝土造,0950629,213.01,4,2,2,有,有,5000000,23473,,0.0,0,,RPSNMLMLJHNFFAX96CA,114.81,0.0,12.15,,
馬公市,房地(土地+建物),澎湖縣馬公市鐵線尾25之20號,140.04,,鄉村區,乙種建築用地,1061207,土地1建物1車位0,全,四層,透天厝,住家用,鋼筋混凝土造,0860320,256.43,4,3,3,有,無,6600000,25738,,0.0,0,,RPRNMLPLJHNFFAX17CA,236.18,20.25,0.0,,
馬公市,土地,文東段941地號,1295.61,,一般農業區,丁種建築用地,1060118,土地1建物0車位0,,,其他,,,,0.0,0,0,0,有,無,30460000,23510,,0.0,0,,RPUNMLLKKHNFFAX07CA,0.0,0.0,0.0,,
馬公市,房地(土地+建物),澎湖縣馬公市西文澳９７之１２號,1740.38,,一般農業區,丁種建築用地,1051215,土地4建物4車位0,一層,一層,店面(店鋪),商業用,鋼筋混凝土加強空心磚造,0620720,834.17,0,0,0,無,無,91450000,109630,,0.0,0,,RPVNMLLKKHNFFAX17CA,0.0,0.0,0.0,,
西嶼鄉,土地,竹灣段2312地號,806.07,,一般農業區,農牧用地,1070112,土地1建物0車位0,,,其他,,,,0.0,0,0,0,有,無,400000,496,,0.0,0,親友、員工或其他特殊關係間之交易。,RPQNMLNLJHNFFAX07EA,0.0,0.0,0.0,,
馬公市,土地,興崁段1146地號,1898.44,,一般農業區,農牧用地,1061218,土地2建物0車位0,,,其他,,,,0.0,0,0,0,有,無,3200000,1686,,0.0,0,,RPPNMLTJKHNFFAX27CA,0.0,0.0,0.0,,
湖西鄉,房地(土地+建物),澎湖縣湖西鄉潭邊９３號,170.91,,一般農業區,甲種建築用地,1070105,土地2建物1車位0,全,三層,透天厝,住家用,鋼筋混凝土造,0890705,178.38,4,2,3,有,無,4500000,25227,,0.0,0,賣方賣清價,RPPNMLOLJHNFFAX86CA,171.24,7.14,0.0,,
馬公市,土地,五福段549地號,407.31,,一般農業區,農牧用地,1061227,土地1建物0車位0,,,其他,,,,0.0,0,0,0,有,無,6713000,16481,,0.0,0,親友、員工或其他特殊關係間之交易。,RPRNMLOLJHNFFAX07CA,0.0,0.0,0.0,,
湖西鄉,房地(土地+建物),澎湖縣湖西鄉港底１０１號,214.05,,一般農業區,甲種建築用地,1070104,土地2建物1車位0,全,三層,透天厝,住家用,鋼筋混凝土造,0891002,184.32,4,1,3,有,無,5680000,30816,,0.0,0,,RPUNMLOLJHNFFAX37CA,177.51,6.81,0.0,,
馬公市,房地(土地+建物),澎湖縣馬公市林森路４５巷１９號,54.51,住,,,1061207,土地1建物1車位0,全,四層,透天厝,住家用,鋼筋混凝土造,1011018,133.17,5,2,6,有,無,2700000,20275,,0.0,0,親友、員工或其他特殊關係間之交易。,RPVNMLOLJHNFFAX47CA,121.7,11.46,0.0,,
馬公市,土地,光榮段142地號,855.06,其他,,,1070109,土地1建物0車位0,,,其他,,,,0.0,0,0,0,有,無,25395282,29700,,0.0,0,澎湖縣馬公市光榮公五、公六地區區段徵收協議價購29700元/平方公尺,RPPPMLKMJHNFFAX76CA,0.0,0.0,0.0,,
馬公市,土地,光榮段356地號,203.09,其他,,,1070110,土地3建物0車位0,,,其他,,,,0.0,0,0,0,有,無,6031731,29700,,0.0,0,澎湖縣馬公市光榮公五、公六地區區段徵收協議價購29700元/平方公尺,RPQPMLKMJHNFFAX86CA,0.0,0.0,0.0,,
馬公市,土地,光榮段149地號,332.25,其他,,,1070109,土地1建物0車位0,,,其他,,,,0.0,0,0,0,有,無,9867766,29700,,0.0,0,澎湖縣馬公市光榮公五、公六地區區段徵收協議價購29700元/平方公尺,RPRPMLKMJHNFFAX96CA,0.0,0.0,0.0,,
馬公市,土地,光榮段277地號,114.38,其他,,,1070109,土地1建物0車位0,,,其他,,,,0.0,0,0,0,有,無,3397135,29700,,0.0,0,澎湖縣馬公市光榮公五、公六地區區段徵收協議價購29700元/平方公尺,RPPOMLKMJHNFFAX66CA,0.0,0.0,0.0,,
馬公市,土地,光榮段277地號,114.38,其他,,,1070109,土地1建物0車位0,,,其他,,,,0.0,0,0,0,有,無,3397135,29700,,0.0,0,澎湖縣馬公市光榮公五、公六地區區段徵收協議價購29700元/平方公尺,RPQOMLKMJHNFFAX76CA,0.0,0.0,0.0,,
馬公市,土地,光榮段144地號,96.2,其他,,,1070110,土地1建物0車位0,,,其他,,,,0.0,0,0,0,有,無,2857084,29699,,0.0,0,澎湖縣馬公市光榮公五、公六地區區段徵收協議價購29700元/平方公尺,RPXOMLKMJHNFFAX47CA,0.0,0.0,0.0,,
馬公市,土地,光榮段144地號,96.2,其他,,,1070110,土地1建物0車位0,,,其他,,,,0.0,0,0,0,有,無,2857084,29699,,0.0,0,澎湖縣馬公市光榮公五、公六地區區段徵收協議價購29700元/平方公尺,RPOPMLKMJHNFFAX66CA,0.0,0.0,0.0,,
馬公市,土地,光榮段347地號,94.95,其他,,,1070109,土地1建物0車位0,,,其他,,,,0.0,0,0,0,有,無,2820044,29700,,0.0,0,澎湖縣馬公市光榮公五、公六地區區段徵收協議價購29700元/平方公尺,RPSNMLKMJHNFFAX86CA,0.0,0.0,0.0,,
馬公市,土地,光榮段360地號,175.27,其他,,,1070109,土地5建物0車位0,,,其他,,,,0.0,0,0,0,有,無,5205429,29699,,0.0,0,澎湖縣馬公市光榮公五、公六地區區段徵收協議價購29700元/平方公尺,RPTNMLKMJHNFFAX96CA,0.0,0.0,0.0,,
馬公市,土地,光榮段152地號,72.23,其他,,,1070109,土地1建物0車位0,,,其他,,,,0.0,0,0,0,有,無,2145215,29700,,0.0,0,澎湖縣馬公市光榮公五、公六地區區段徵收協議價購29700元/平方公尺,RPSOMLKMJHNFFAX96CA,0.0,0.0,0.0,,
馬公市,土地,北極段657地號,175.73,住,,,1070112,土地1建物0車位0,,,其他,,,,0.0,0,0,0,有,無,2900000,16503,,0.0,0,,RPTNMLPLJHNFFAX37CA,0.0,0.0,0.0,,
馬公市,土地,光榮段152地號,72.23,其他,,,1070109,土地1建物0車位0,,,其他,,,,0.0,0,0,0,有,無,2145214,29700,,0.0,0,澎湖縣馬公市光榮公五、公六地區區段徵收協議價購29700元/平方公尺,RPTOMLKMJHNFFAX07CA,0.0,0.0,0.0,,
馬公市,土地,光榮段360地號,175.27,其他,,,1070109,土地5建物0車位0,,,其他,,,,0.0,0,0,0,有,無,5205431,29699,,0.0,0,澎湖縣馬公市光榮公五、公六地區區段徵收協議價購29700元/平方公尺,RPVNMLKMJHNFFAX17CA,0.0,0.0,0.0,,
馬公市,土地,光榮段360地號,175.27,其他,,,1070109,土地5建物0車位0,,,其他,,,,0.0,0,0,0,有,無,5205431,29699,,0.0,0,澎湖縣馬公市光榮公五、公六地區區段徵收協議價購29700元/平方公尺,RPXNMLKMJHNFFAX37CA,0.0,0.0,0.0,,
馬公市,土地,光榮段277地號,343.14,其他,,,1070109,土地1建物0車位0,,,其他,,,,0.0,0,0,0,有,無,10191407,29700,,0.0,0,澎湖縣馬公市光榮公五、公六地區區段徵收協議價購29700元/平方公尺,RPROMLKMJHNFFAX86CA,0.0,0.0,0.0,,
馬公市,土地,光榮段149地號,332.25,其他,,,1070109,土地1建物0車位0,,,其他,,,,0.0,0,0,0,有,無,9867766,29700,,0.0,0,澎湖縣馬公市光榮公五、公六地區區段徵收協議價購29700元/平方公尺,RPSPMLKMJHNFFAX07CA,0.0,0.0,0.0,,
馬公市,土地,光榮段149地號,332.25,其他,,,1070109,土地1建物0車位0,,,其他,,,,0.0,0,0,0,有,無,9867765,29700,,0.0,0,澎湖縣馬公市光榮公五、公六地區區段徵收協議價購29700元/平方公尺,RPTPMLKMJHNFFAX17CA,0.0,0.0,0.0,,
馬公市,建物,澎湖縣馬公市成功街４３巷３號,0.0,,,,1061228,土地0建物1車位0,一層，二層，三層，四層，五層,五層,公寓(5樓含以下無電梯),住家用,鋼筋混凝土造,0830528,177.94,5,2,3,有,無,365200,2052,,0.0,0,親友、員工或其他特殊關係間之交易。,RPSNMLNJKHNFFAX96CA,171.32,6.62,0.0,,
馬公市,土地,光榮段152地號,72.23,其他,,,1070109,土地1建物0車位0,,,其他,,,,0.0,0,0,0,有,無,2145214,29700,,0.0,0,澎湖縣馬公市光榮公五、公六地區區段徵收協議價購29700元/平方公尺,RPUOMLKMJHNFFAX17CA,0.0,0.0,0.0,,
西嶼鄉,土地,二崁南段1259地號,233.61,,風景區,殯葬用地,1061227,土地1建物0車位0,,,其他,,,,0.0,0,0,0,有,無,280500,1201,,0.0,0,向政府機關承購之案件。,RPQNMLTLJHNFFAX47CA,0.0,0.0,0.0,,
馬公市,土地,光榮段152地號,72.23,其他,,,1070109,土地1建物0車位0,,,其他,,,,0.0,0,0,0,有,無,2145215,29700,,0.0,0,澎湖縣馬公市光榮公五、公六地區區段徵收協議價購29700元/平方公尺,RPVOMLKMJHNFFAX27CA,0.0,0.0,0.0,,
馬公市,土地,光榮段152地號,72.23,其他,,,1070109,土地1建物0車位0,,,其他,,,,0.0,0,0,0,有,無,2145214,29700,,0.0,0,澎湖縣馬公市光榮公五、公六地區區段徵收協議價購29700元/平方公尺,RPWOMLKMJHNFFAX37CA,0.0,0.0,0.0,,
馬公市,土地,文寮段362地號,1349.11,,一般農業區,農牧用地,1070119,土地1建物0車位0,,,其他,,,,0.0,0,0,0,有,無,51250000,37988,,0.0,0,農變建移轉土地持分給予權利人共6人內含未來6戶興建之成本5125萬,RPPNMLLMJHNFFAX66CA,0.0,0.0,0.0,,
馬公市,房地(土地+建物),澎湖縣馬公市西衛２２１之１６號,192.05,,一般農業區,甲種建築用地,1061220,土地2建物1車位0,全,三層,透天厝,住家用,鋼筋混凝土造,1041008,205.41,4,2,4,有,無,9600000,46736,,0.0,0,,RPPNMLNJKHNFFAX66CA,193.67,11.74,0.0,,
馬公市,房地(土地+建物),澎湖縣馬公市文前街４７號,148.99,住,,,1061215,土地1建物1車位0,全,四層,透天厝,住家用,鋼筋混凝土造,1041211,359.47,8,1,11,有,無,24000000,66765,,0.0,0,,RPRNMLNJKHNFFAX86CA,336.77,22.7,0.0,,
馬公市,土地,鎖港西段329-1地號,23.13,住,,,1070111,土地1建物0車位0,,,其他,,,,0.0,0,0,0,有,無,288484,12472,,0.0,0,,RPTNMLNJKHNFFAX07CA,0.0,0.0,0.0,,
馬公市,土地,五福段896-5地號,163.82,,一般農業區,甲種建築用地,1061220,土地2建物0車位0,,,其他,,,,0.0,0,0,0,有,無,9300000,56770,,0.0,0,農變建變更起造人，含未來興建1戶房屋價款,RPRNMLSJKHNFFAX37CA,0.0,0.0,0.0,,
馬公市,土地,四維段579地號,117.58,,一般農業區,農牧用地,1061211,土地1建物0車位0,,,其他,,,,0.0,0,0,0,有,無,1320000,11226,,0.0,0,,RPRNMLLLKHNFFAX86CA,0.0,0.0,0.0,,
馬公市,房地(土地+建物),澎湖縣馬公市文山路２７巷８號三樓,33.51,住,,,1070117,土地1建物1車位0,三層,十層,華廈(10層含以下有電梯),集合住宅,鋼筋混凝土造,1060328,141.36,3,2,2,有,無,8000000,56593,,0.0,0,,RPRNMLLMJHNFFAX86CA,88.1,12.94,0.0,,
馬公市,房地(土地+建物),澎湖縣馬公市石泉１１之８６號,163.41,,一般農業區,甲種建築用地,1061231,土地2建物1車位0,全,三層,透天厝,住家用,鋼筋混凝土造,0950105,182.46,4,2,4,有,無,6880000,37707,,0.0,0,,RPQNMLOKKHNFFAX96CA,171.9,10.56,0.0,,
馬公市,土地,山水東段498-1地號,2452.65,,一般農業區,農牧用地,1050801,土地2建物0車位0,,,其他,,,,0.0,0,0,0,有,無,14096480,5747,,0.0,0,,RPQNMLQLKHNFFAX27CA,0.0,0.0,0.0,,
馬公市,土地,山水西段622地號,1985.29,,一般農業區,農牧用地,1050801,土地2建物0車位0,,,其他,,,,0.0,0,0,0,有,無,2544020,1281,,0.0,0,,RPRNMLQLKHNFFAX37CA,0.0,0.0,0.0,,
馬公市,房地(土地+建物),澎湖縣馬公市文光路２５巷１６弄１２號,97.14,住,,,1070109,土地3建物1車位0,全,二層,透天厝,住家用,鋼筋混凝土加強磚造,0691117,88.46,4,1,2,有,無,4830000,54601,,0.0,0,,RPPNMLMKKHNFFAX66CA,88.46,0.0,0.0,,
馬公市,房地(土地+建物),澎湖縣馬公市文山路３５８巷３８號,54.73,住,,,1061231,土地2建物1車位0,全,五層,透天厝,住家用,鋼筋混凝土造,0801012,138.57,4,1,3,有,無,5800000,41856,,0.0,0,,RPPNMLMJKHNFFAX56CA,138.57,0.0,0.0,,
西嶼鄉,土地,池東段590地號,278.19,,鄉村區,乙種建築用地,1070118,土地2建物0車位0,,,其他,,,,0.0,0,0,0,有,無,900000,3235,,0.0,0,,RPQNMLMJKHNFFAX66CA,0.0,0.0,0.0,,
馬公市,房地(土地+建物),澎湖縣馬公市後窟潭１２１號,94.24,住,,,1061231,土地2建物1車位0,全,二層,透天厝,住家用,鋼筋混凝土加強磚造,0690628,86.05,3,1,2,有,無,3000000,34863,,0.0,0,親友、員工或其他特殊關係間之交易。,RPQNMLTJKHNFFAX37CA,86.05,0.0,0.0,,
馬公市,房地(土地+建物),澎湖縣馬公市西文澳１１之８號,169.72,住,,,1061230,土地1建物1車位0,全,二層,透天厝,住家用,加強磚造,0620201,96.16,2,2,2,有,無,7500000,77995,,0.0,0,,RPRNMLQJKHNFFAX17CA,96.16,0.0,0.0,,
馬公市,土地,中衛段1562-13地號,246.68,,一般農業區,甲種建築用地,1061231,土地2建物0車位0,,,其他,,,,0.0,0,0,0,有,無,7800000,31620,,0.0,0,農變建之起造人變更含未來興建房屋價款,RPQNMLLJLHNFFAX66CA,0.0,0.0,0.0,,
馬公市,土地,興仁南段343地號,973.39,,一般農業區,農牧用地,1061231,土地1建物0車位0,,,其他,,,,0.0,0,0,0,有,無,3600000,3698,,0.0,0,,RPTNMLQJKHNFFAX47DA,0.0,0.0,0.0,,
馬公市,土地,虎井段1192地號,1079.06,,一般農業區,農牧用地,1061121,土地18建物0車位0,,,其他,,,,0.0,0,0,0,有,無,250000,232,,0.0,0,,RPPNMLRJKHNFFAX17DA,0.0,0.0,0.0,,
馬公市,土地,鐵線段682地號,1015.47,,一般農業區,農牧用地,1061231,土地1建物0車位0,,,其他,,,,0.0,0,0,0,有,無,13180000,12979,,0.0,0,共有人5人。農變建興建住宅案件。,RPPNMLNKKHNFFAX86DA,0.0,0.0,0.0,,
馬公市,土地,鎖港西段863地號,349.57,農,,,1061231,土地1建物0車位0,,,其他,,,,0.0,0,0,0,有,無,1700000,4863,,0.0,0,親友、員工或其他特殊關係間之交易。,RPWNMLLKKHNFFAX37DA,0.0,0.0,0.0,,
白沙鄉,土地,後寮段3005地號,611.0,,一般農業區,農牧用地,1070119,土地1建物0車位0,,,其他,,,,0.0,0,0,0,有,無,380000,622,,0.0,0,親友、員工或其他特殊關係間之交易。,RPPNMLQLKHNFFAX37EA,0.0,0.0,0.0,,
湖西鄉,土地,青螺新段755地號,2649.9,,一般農業區,農牧用地,1061226,土地3建物0車位0,,,其他,,,,0.0,0,0,0,有,無,4000000,1509,,0.0,0,,RPUNMLTJKHNFFAX77CA,0.0,0.0,0.0,,
馬公市,房地(土地+建物),澎湖縣馬公市民福路４０號,22.0,商,,,1061231,土地1建物1車位0,全,三層,透天厝,住商用,鋼筋混凝土加強磚造,0640117,65.55,1,2,1,有,無,7500000,114416,,0.0,0,,RPRNMLTJKHNFFAX47CA,65.55,0.0,0.0,,
馬公市,土地,東衛段722地號,285.12,,一般農業區,農牧用地,1061227,土地1建物0車位0,,,其他,,,,0.0,0,0,0,有,無,2587000,9073,,0.0,0,,RPVNMLQJKHNFFAX57CA,0.0,0.0,0.0,,
湖西鄉,土地,東石新段630地號,21.41,,一般農業區,交通用地,1070131,土地1建物0車位0,,,其他,,,,0.0,0,0,0,有,無,83499,3900,,0.0,0,協議價購一併價購一般農業區 交通用地,RPWNMLQJKHNFFAX67CA,0.0,0.0,0.0,,
馬公市,土地,光榮段802-3地號,65.27,住,,,1070122,土地2建物0車位0,,,其他,,,,0.0,0,0,0,有,無,4536265,69500,,0.0,0,向政府機關承購之案件。,RPPNMLQJKHNFFAX96CA,0.0,0.0,0.0,,
馬公市,土地,馬公段584-162地號,61.2,商,,,1061225,土地1建物0車位0,,,其他,,,,0.0,0,0,0,有,無,2203200,36000,,0.0,0,親友、員工或其他特殊關係間之交易。,RPRNMLRJKHNFFAX27CA,0.0,0.0,0.0,,
馬公市,房地(土地+建物),澎湖縣馬公市民福路４４號,30.0,商,,,1061227,土地1建物1車位0,全,三層,透天厝,住商用,鋼筋混凝土加強磚造,0640117,88.32,3,1,1,有,無,8300000,93976,,0.0,0,,RPSNMLTJKHNFFAX57CA,88.32,0.0,0.0,,
馬公市,土地,興崁段1074地號,220.27,,一般農業區,農牧用地,1070130,土地1建物0車位0,,,其他,,,,0.0,0,0,0,有,無,8300000,37681,,0.0,0,變更起造人，含未來興建房屋之費用,RPTNMLTJKHNFFAX67CA,0.0,0.0,0.0,,
湖西鄉,土地,成功南段1330-4地號,1735.08,,一般農業區,農牧用地,1070125,土地2建物0車位0,,,其他,,,,0.0,0,0,0,有,無,15250000,8789,,0.0,0,共有人8人。農變建專案核准案件,RPRNMLOJLHNFFAX17DA,0.0,0.0,0.0,,
湖西鄉,土地,成功南段1330-4地號,1562.16,,一般農業區,農牧用地,1070125,土地2建物0車位0,,,其他,,,,0.0,0,0,0,有,無,13730000,8789,,0.0,0,共有人8人。農變建專案核准案件,RPSNMLOJLHNFFAX27DA,0.0,0.0,0.0,,
馬公市,土地,東澳段287地號,77.09,住,,,1061220,土地1建物0車位0,,,其他,,,,0.0,0,0,0,有,無,6500000,84317,,0.0,0,,RPPNMLLKKHNFFAX66DA,0.0,0.0,0.0,,
馬公市,土地,東澳段299地號,172.84,住,,,1061225,土地2建物0車位0,,,其他,,,,0.0,0,0,0,有,無,8500000,49178,,0.0,0,,RPQNMLLKKHNFFAX76DA,0.0,0.0,0.0,,
馬公市,土地,鐵線段596地號,330.0,,一般農業區,農牧用地,1061220,土地1建物0車位0,,,其他,,,,0.0,0,0,0,有,無,2300000,6970,,0.0,0,,RPPNMLSJKHNFFAX17CA,0.0,0.0,0.0,,
西嶼鄉,房地(土地+建物),澎湖縣西嶼鄉內垵６２之２３號,59.75,,鄉村區,乙種建築用地,1070201,土地2建物1車位0,全,三層,透天厝,住家用,鋼筋混凝土加強磚造,0750705,115.24,3,1,2,有,無,1500000,13016,,0.0,0,,RPSNMLSJKHNFFAX47CA,115.24,0.0,0.0,,
馬公市,房地(土地+建物),澎湖縣馬公市北辰街１７巷１３之４號,36.25,住,,,1070119,土地1建物1車位0,五層，電梯樓梯間,五層,公寓(5樓含以下無電梯),集合住宅,鋼筋混凝土造,0730629,86.97,3,2,2,有,無,2100000,24146,,0.0,0,,SPQNMLMKKHNFFAX86CA,86.97,0.0,0.0,,
馬公市,房地(土地+建物),澎湖縣馬公市後窟潭７之３７號,83.04,,一般農業區,甲種建築用地,1061120,土地1建物1車位0,全,二層,透天厝,住家用,鋼筋混凝土加強磚造,0720818,112.77,3,2,2,有,無,2500000,22169,,0.0,0,親友、員工或其他特殊關係間之交易。,RPSNMLLLKHNFFAX96CA,112.77,0.0,0.0,,
馬公市,房地(土地+建物),澎湖縣馬公市貿商街１２８號九樓之一,28.45,住,,,1070110,土地2建物1車位0,九層,十四層,住宅大樓(11層含以上有電梯),集合住宅,鋼筋混凝土造,0950710,173.55,3,2,2,有,有,5000000,28810,,0.0,0,,RPRNMLTKIINFFAX47CA,95.13,0.0,11.16,,
七美鄉,土地,七美二段532地號,215.08,,一般農業區,甲種建築用地,1070205,土地2建物0車位0,,,其他,,,,0.0,0,0,0,有,無,880000,4092,,0.0,0,買方負擔本次交易之土地增值稅,RPQNMLLLKHNFFAX76CA,0.0,0.0,0.0,,
馬公市,房地(土地+建物),澎湖縣馬公市林森路１５巷３６弄１號,67.19,住,,,1061129,土地1建物1車位0,全,三層,透天厝,住商用,鋼筋混凝土加強磚造,0700608,137.6,4,3,3,有,無,6000000,43605,,0.0,0,,RPTNMLNKKHNFFAX17CA,137.6,0.0,0.0,,
白沙鄉,土地,赤崁中段456地號,877.99,,一般農業區,農牧用地,1070118,土地1建物0車位0,,,其他,,,,0.0,0,0,0,有,無,2910000,3314,,0.0,0,,RPSNMLMKKHNFFAX07DA,0.0,0.0,0.0,,
馬公市,土地,五福段561-5地號,426.45,,一般農業區,農牧用地,1070201,土地3建物0車位0,,,其他,,,,0.0,0,0,0,有,無,9260000,21714,,0.0,0,共有人2人。農變建專案核准案件。,RPPNMLPJLHNFFAX07DA,0.0,0.0,0.0,,
七美鄉,土地,大嶼段3890地號,394.0,,一般農業區,農牧用地,1070125,土地1建物0車位0,,,其他,,,,0.0,0,0,0,有,無,572000,1452,,0.0,0,買賣雙方約定備齊資料日為簽約日義務人為8人本案申請不課徵土地增值稅其整地及申請農用費用由賣方負擔.,RPPNMLLLKHNFFAX66CA,0.0,0.0,0.0,,
湖西鄉,土地,成功南段1338地號,2006.79,,一般農業區,農牧用地,1061231,土地1建物0車位0,,,其他,,,,0.0,0,0,0,有,無,70410000,35086,,0.0,0,權利人共九人含未來興建九戶之房屋價款,RPSNMLRJLHNFFAX47CA,0.0,0.0,0.0,,
